# WM/Wss	Wm/Wss  	T/T			P/P0			G
1.000		1.000		1.00		0.965917		1.2557
1.075      	0.145      	2.70750737	0.979545	1.3142
1.375      	0.955      	2.51249848	1.037372	0.8477
1.275      	0.595      	1.73249891	0.994262	1.0347
1.325      	0.325      	2.31749748	0.984019	1.1300
1.025      	0.415      	1.53749593	0.971670	1.2742
1.175      	0.505      	1.34249862	0.985401	1.1012